<?xml version="1.0" encoding="UTF-8"?>
<GenRun Id="impl_1" LaunchPart="xc7a200tfbg676-2" LaunchTime="1739653838">
  <File Type="WBT-USG" Name="usage_statistics_webtalk.html"/>
  <File Type="BG-DRC" Name="top_filter.drc"/>
  <File Type="BG-BGN" Name="top_filter.bgn"/>
  <File Type="BITSTR-SYSDEF" Name="top_filter.sysdef"/>
  <File Type="BITSTR-LTX" Name="debug_nets.ltx"/>
  <File Type="BITSTR-LTX" Name="top_filter.ltx"/>
  <File Type="BITSTR-MMI" Name="top_filter.mmi"/>
  <File Type="BITSTR-BMM" Name="top_filter_bd.bmm"/>
  <File Type="BITSTR-NKY" Name="top_filter.nky"/>
  <File Type="BITSTR-RBT" Name="top_filter.rbt"/>
  <File Type="BITSTR-MSK" Name="top_filter.msk"/>
  <File Type="BG-BIN" Name="top_filter.bin"/>
  <File Type="BG-BIT" Name="top_filter.bit"/>
  <File Type="POSTROUTE-PHYSOPT-BUS-SKEW-RPX" Name="top_filter_bus_skew_postroute_physopted.rpx"/>
  <File Type="POSTROUTE-PHYSOPT-BUS-SKEW-PB" Name="top_filter_bus_skew_postroute_physopted.pb"/>
  <File Type="POSTROUTE-PHYSOPT-BUS-SKEW" Name="top_filter_bus_skew_postroute_physopted.rpt"/>
  <File Type="RDI-RDI" Name="top_filter.vdi"/>
  <File Type="POSTROUTE-PHYSOPT-TIMING-RPX" Name="top_filter_timing_summary_postroute_physopted.rpx"/>
  <File Type="POSTROUTE-PHYSOPT-TIMING-PB" Name="top_filter_timing_summary_postroute_physopted.pb"/>
  <File Type="POSTROUTE-PHYSOPT-TIMING" Name="top_filter_timing_summary_postroute_physopted.rpt"/>
  <File Type="POSTROUTE-PHYSOPT-BLACKBOX-DCP" Name="top_filter_postroute_physopt_bb.dcp"/>
  <File Type="POSTROUTE-PHYSOPT-DCP" Name="top_filter_postroute_physopt.dcp"/>
  <File Type="ROUTE-BUS-SKEW" Name="top_filter_bus_skew_routed.rpt"/>
  <File Type="ROUTE-CLK" Name="top_filter_clock_utilization_routed.rpt"/>
  <File Type="ROUTE-SIMILARITY" Name="top_filter_incremental_reuse_routed.rpt"/>
  <File Type="ROUTE-TIMING-RPX" Name="top_filter_timing_summary_routed.rpx"/>
  <File Type="ROUTE-TIMING-PB" Name="top_filter_timing_summary_routed.pb"/>
  <File Type="ROUTE-TIMINGSUMMARY" Name="top_filter_timing_summary_routed.rpt"/>
  <File Type="ROUTE-STATUS-PB" Name="top_filter_route_status.pb"/>
  <File Type="ROUTE-STATUS" Name="top_filter_route_status.rpt"/>
  <File Type="ROUTE-PWR-RPX" Name="top_filter_power_routed.rpx"/>
  <File Type="ROUTE-PWR-SUM" Name="top_filter_power_summary_routed.pb"/>
  <File Type="ROUTE-PWR" Name="top_filter_power_routed.rpt"/>
  <File Type="ROUTE-METHODOLOGY-DRC-PB" Name="top_filter_methodology_drc_routed.pb"/>
  <File Type="ROUTE-METHODOLOGY-DRC-RPX" Name="top_filter_methodology_drc_routed.rpx"/>
  <File Type="ROUTE-METHODOLOGY-DRC" Name="top_filter_methodology_drc_routed.rpt"/>
  <File Type="ROUTE-DRC-RPX" Name="top_filter_drc_routed.rpx"/>
  <File Type="ROUTE-DRC-PB" Name="top_filter_drc_routed.pb"/>
  <File Type="ROUTE-DRC" Name="top_filter_drc_routed.rpt"/>
  <File Type="ROUTE-BLACKBOX-DCP" Name="top_filter_routed_bb.dcp"/>
  <File Type="ROUTE-DCP" Name="top_filter_routed.dcp"/>
  <File Type="ROUTE-ERROR-DCP" Name="top_filter_routed_error.dcp"/>
  <File Type="PHYSOPT-TIMING" Name="top_filter_timing_summary_physopted.rpt"/>
  <File Type="PHYSOPT-DRC" Name="top_filter_drc_physopted.rpt"/>
  <File Type="PHYSOPT-DCP" Name="top_filter_physopt.dcp"/>
  <File Type="POSTPLACE-PWROPT-TIMING" Name="top_filter_timing_summary_postplace_pwropted.rpt"/>
  <File Type="POSTPLACE-PWROPT-DCP" Name="top_filter_postplace_pwropt.dcp"/>
  <File Type="PLACE-TIMING" Name="top_filter_timing_summary_placed.rpt"/>
  <File Type="PLACE-PRE-SIMILARITY" Name="top_filter_incremental_reuse_pre_placed.rpt"/>
  <File Type="PLACE-SIMILARITY" Name="top_filter_incremental_reuse_placed.rpt"/>
  <File Type="PLACE-CTRL" Name="top_filter_control_sets_placed.rpt"/>
  <File Type="PLACE-UTIL-PB" Name="top_filter_utilization_placed.pb"/>
  <File Type="PLACE-UTIL" Name="top_filter_utilization_placed.rpt"/>
  <File Type="PLACE-CLK" Name="top_filter_clock_utilization_placed.rpt"/>
  <File Type="PLACE-IO" Name="top_filter_io_placed.rpt"/>
  <File Type="PLACE-DCP" Name="top_filter_placed.dcp"/>
  <File Type="PWROPT-TIMING" Name="top_filter_timing_summary_pwropted.rpt"/>
  <File Type="PWROPT-DRC" Name="top_filter_drc_pwropted.rpt"/>
  <File Type="PWROPT-DCP" Name="top_filter_pwropt.dcp"/>
  <File Type="OPT-TIMING" Name="top_filter_timing_summary_opted.rpt"/>
  <File Type="OPT-HWDEF" Name="top_filter.hwdef"/>
  <File Type="OPT-METHODOLOGY-DRC" Name="top_filter_methodology_drc_opted.rpt"/>
  <File Type="OPT-DRC" Name="top_filter_drc_opted.rpt"/>
  <File Type="OPT-DCP" Name="top_filter_opt.dcp"/>
  <File Type="INIT-TIMING" Name="top_filter_timing_summary_init.rpt"/>
  <File Type="ROUTE-BUS-SKEW-RPX" Name="top_filter_bus_skew_routed.rpx"/>
  <File Type="REPORTS-TCL" Name="top_filter_reports.tcl"/>
  <File Type="ROUTE-BUS-SKEW-PB" Name="top_filter_bus_skew_routed.pb"/>
  <File Type="PA-TCL" Name="top_filter.tcl"/>
  <FileSet Name="sources" Type="DesignSrcs" RelSrcDir="$PSRCDIR/sources_1">
    <Filter Type="Srcs"/>
    <File Path="$PPRDIR/../Modules/top_filter.v">
      <FileInfo>
        <Attr Name="UsedIn" Val="synthesis"/>
        <Attr Name="UsedIn" Val="implementation"/>
        <Attr Name="UsedIn" Val="simulation"/>
      </FileInfo>
    </File>
    <File Path="$PPRDIR/../Modules/top_structural.v">
      <FileInfo>
        <Attr Name="UsedIn" Val="synthesis"/>
        <Attr Name="UsedIn" Val="implementation"/>
        <Attr Name="UsedIn" Val="simulation"/>
      </FileInfo>
    </File>
    <File Path="$PPRDIR/../Modules/top_parallel_adder.v">
      <FileInfo>
        <Attr Name="UsedIn" Val="synthesis"/>
        <Attr Name="UsedIn" Val="implementation"/>
        <Attr Name="UsedIn" Val="simulation"/>
      </FileInfo>
    </File>
    <File Path="$PPRDIR/../Modules/top_Mealy.v">
      <FileInfo>
        <Attr Name="UsedIn" Val="synthesis"/>
        <Attr Name="UsedIn" Val="implementation"/>
        <Attr Name="UsedIn" Val="simulation"/>
      </FileInfo>
    </File>
    <File Path="$PPRDIR/../Modules/top_Moore.v">
      <FileInfo>
        <Attr Name="UsedIn" Val="synthesis"/>
        <Attr Name="UsedIn" Val="implementation"/>
        <Attr Name="UsedIn" Val="simulation"/>
      </FileInfo>
    </File>
    <File Path="$PPRDIR/../Modules/top_Shifter.v">
      <FileInfo>
        <Attr Name="UsedIn" Val="synthesis"/>
        <Attr Name="UsedIn" Val="implementation"/>
        <Attr Name="UsedIn" Val="simulation"/>
      </FileInfo>
    </File>
    <File Path="$PPRDIR/../Modules/top_alubit.v">
      <FileInfo>
        <Attr Name="UsedIn" Val="synthesis"/>
        <Attr Name="UsedIn" Val="implementation"/>
        <Attr Name="UsedIn" Val="simulation"/>
      </FileInfo>
    </File>
    <File Path="$PPRDIR/../Modules/top_cont_assgn.v">
      <FileInfo>
        <Attr Name="UsedIn" Val="synthesis"/>
        <Attr Name="UsedIn" Val="implementation"/>
        <Attr Name="UsedIn" Val="simulation"/>
      </FileInfo>
    </File>
    <File Path="$PPRDIR/../Modules/top_full_adder.v">
      <FileInfo>
        <Attr Name="UsedIn" Val="synthesis"/>
        <Attr Name="UsedIn" Val="implementation"/>
        <Attr Name="UsedIn" Val="simulation"/>
      </FileInfo>
    </File>
    <File Path="$PPRDIR/../Modules/top_master_slave.v">
      <FileInfo>
        <Attr Name="UsedIn" Val="synthesis"/>
        <Attr Name="UsedIn" Val="implementation"/>
        <Attr Name="UsedIn" Val="simulation"/>
      </FileInfo>
    </File>
    <Config>
      <Option Name="DesignMode" Val="RTL"/>
      <Option Name="TopModule" Val="top_filter"/>
    </Config>
  </FileSet>
  <FileSet Name="constrs_in" Type="Constrs" RelSrcDir="$PSRCDIR/constrs_1">
    <Filter Type="Constrs"/>
    <Config>
      <Option Name="ConstrsType" Val="XDC"/>
    </Config>
  </FileSet>
  <Strategy Version="1" Minor="2">
    <StratHandle Name="Vivado Implementation Defaults" Flow="Vivado Implementation 2018"/>
    <Step Id="init_design"/>
    <Step Id="opt_design"/>
    <Step Id="power_opt_design"/>
    <Step Id="place_design"/>
    <Step Id="post_place_power_opt_design"/>
    <Step Id="phys_opt_design"/>
    <Step Id="route_design"/>
    <Step Id="post_route_phys_opt_design"/>
    <Step Id="write_bitstream"/>
  </Strategy>
</GenRun>
